<annotation>
	<folder>nepal bird</folder>
	<filename>birds91.jpg</filename>
	<path>C:\Users\Zach\Desktop\Senior Design\Monkey Pictures\nepal bird\birds91.jpg</path>
	<source>
		<database>Unknown</database>
	</source>
	<size>
		<width>1347</width>
		<height>587</height>
		<depth>3</depth>
	</size>
	<segmented>0</segmented>
	<object>
		<name>bird</name>
		<pose>Unspecified</pose>
		<truncated>0</truncated>
		<difficult>0</difficult>
		<bndbox>
			<xmin>276</xmin>
			<ymin>211</ymin>
			<xmax>581</xmax>
			<ymax>574</ymax>
		</bndbox>
	</object>
	<object>
		<name>bird</name>
		<pose>Unspecified</pose>
		<truncated>0</truncated>
		<difficult>0</difficult>
		<bndbox>
			<xmin>485</xmin>
			<ymin>111</ymin>
			<xmax>785</xmax>
			<ymax>506</ymax>
		</bndbox>
	</object>
</annotation>
