<annotation>
	<folder>nepal bird</folder>
	<filename>birds23.jpg</filename>
	<path>C:\Users\Zach\Desktop\Senior Design\Monkey Pictures\nepal bird\birds23.jpg</path>
	<source>
		<database>Unknown</database>
	</source>
	<size>
		<width>1200</width>
		<height>800</height>
		<depth>3</depth>
	</size>
	<segmented>0</segmented>
	<object>
		<name>bird</name>
		<pose>Unspecified</pose>
		<truncated>1</truncated>
		<difficult>0</difficult>
		<bndbox>
			<xmin>1</xmin>
			<ymin>1</ymin>
			<xmax>1193</xmax>
			<ymax>797</ymax>
		</bndbox>
	</object>
</annotation>
