<annotation>
	<folder>nepal bird</folder>
	<filename>birds56.jpg</filename>
	<path>C:\Users\Zach\Desktop\Senior Design\Monkey Pictures\nepal bird\birds56.jpg</path>
	<source>
		<database>Unknown</database>
	</source>
	<size>
		<width>783</width>
		<height>598</height>
		<depth>3</depth>
	</size>
	<segmented>0</segmented>
	<object>
		<name>bird</name>
		<pose>Unspecified</pose>
		<truncated>1</truncated>
		<difficult>0</difficult>
		<bndbox>
			<xmin>74</xmin>
			<ymin>25</ymin>
			<xmax>783</xmax>
			<ymax>598</ymax>
		</bndbox>
	</object>
</annotation>
