<annotation>
	<folder>nepal bird</folder>
	<filename>birds39.jpg</filename>
	<path>C:\Users\Zach\Desktop\Senior Design\Monkey Pictures\nepal bird\birds39.jpg</path>
	<source>
		<database>Unknown</database>
	</source>
	<size>
		<width>432</width>
		<height>288</height>
		<depth>3</depth>
	</size>
	<segmented>0</segmented>
	<object>
		<name>bird</name>
		<pose>Unspecified</pose>
		<truncated>1</truncated>
		<difficult>0</difficult>
		<bndbox>
			<xmin>77</xmin>
			<ymin>47</ymin>
			<xmax>432</xmax>
			<ymax>264</ymax>
		</bndbox>
	</object>
</annotation>
