<annotation>
	<folder>nepal bird</folder>
	<filename>birds79.png</filename>
	<path>C:\Users\Zach\Desktop\Senior Design\Monkey Pictures\nepal bird\birds79.png</path>
	<source>
		<database>Unknown</database>
	</source>
	<size>
		<width>850</width>
		<height>1104</height>
		<depth>3</depth>
	</size>
	<segmented>0</segmented>
	<object>
		<name>bird</name>
		<pose>Unspecified</pose>
		<truncated>0</truncated>
		<difficult>0</difficult>
		<bndbox>
			<xmin>84</xmin>
			<ymin>311</ymin>
			<xmax>622</xmax>
			<ymax>837</ymax>
		</bndbox>
	</object>
</annotation>
