<annotation>
	<folder>nepal bird</folder>
	<filename>birds82.jpg</filename>
	<path>C:\Users\Zach\Desktop\Senior Design\Monkey Pictures\nepal bird\birds82.jpg</path>
	<source>
		<database>Unknown</database>
	</source>
	<size>
		<width>735</width>
		<height>1102</height>
		<depth>3</depth>
	</size>
	<segmented>0</segmented>
	<object>
		<name>bird</name>
		<pose>Unspecified</pose>
		<truncated>0</truncated>
		<difficult>0</difficult>
		<bndbox>
			<xmin>226</xmin>
			<ymin>23</ymin>
			<xmax>573</xmax>
			<ymax>687</ymax>
		</bndbox>
	</object>
</annotation>
