<annotation>
	<folder>nepal bird</folder>
	<filename>birds9.jpg</filename>
	<path>C:\Users\Zach\Desktop\Senior Design\Monkey Pictures\nepal bird\birds9.jpg</path>
	<source>
		<database>Unknown</database>
	</source>
	<size>
		<width>1920</width>
		<height>1280</height>
		<depth>3</depth>
	</size>
	<segmented>0</segmented>
	<object>
		<name>bird</name>
		<pose>Unspecified</pose>
		<truncated>0</truncated>
		<difficult>0</difficult>
		<bndbox>
			<xmin>237</xmin>
			<ymin>131</ymin>
			<xmax>1703</xmax>
			<ymax>963</ymax>
		</bndbox>
	</object>
</annotation>
