<annotation>
	<folder>nepal bird</folder>
	<filename>birds75.jpg</filename>
	<path>C:\Users\Zach\Desktop\Senior Design\Monkey Pictures\nepal bird\birds75.jpg</path>
	<source>
		<database>Unknown</database>
	</source>
	<size>
		<width>1172</width>
		<height>750</height>
		<depth>3</depth>
	</size>
	<segmented>0</segmented>
	<object>
		<name>bird</name>
		<pose>Unspecified</pose>
		<truncated>1</truncated>
		<difficult>0</difficult>
		<bndbox>
			<xmin>369</xmin>
			<ymin>82</ymin>
			<xmax>1109</xmax>
			<ymax>750</ymax>
		</bndbox>
	</object>
</annotation>
