<annotation>
	<folder>nepal bird</folder>
	<filename>birds36.jpg</filename>
	<path>C:\Users\Zach\Desktop\Senior Design\Monkey Pictures\nepal bird\birds36.jpg</path>
	<source>
		<database>Unknown</database>
	</source>
	<size>
		<width>1332</width>
		<height>850</height>
		<depth>3</depth>
	</size>
	<segmented>0</segmented>
	<object>
		<name>bird</name>
		<pose>Unspecified</pose>
		<truncated>0</truncated>
		<difficult>0</difficult>
		<bndbox>
			<xmin>792</xmin>
			<ymin>237</ymin>
			<xmax>1155</xmax>
			<ymax>773</ymax>
		</bndbox>
	</object>
</annotation>
