<annotation>
	<folder>nepal bird</folder>
	<filename>birds10.png</filename>
	<path>C:\Users\Zach\Desktop\Senior Design\Monkey Pictures\nepal bird\birds10.png</path>
	<source>
		<database>Unknown</database>
	</source>
	<size>
		<width>1650</width>
		<height>600</height>
		<depth>3</depth>
	</size>
	<segmented>0</segmented>
	<object>
		<name>bird</name>
		<pose>Unspecified</pose>
		<truncated>0</truncated>
		<difficult>0</difficult>
		<bndbox>
			<xmin>378</xmin>
			<ymin>26</ymin>
			<xmax>1047</xmax>
			<ymax>453</ymax>
		</bndbox>
	</object>
</annotation>
