<annotation>
	<folder>nepal bird</folder>
	<filename>birds70.jpg</filename>
	<path>C:\Users\Zach\Desktop\Senior Design\Monkey Pictures\nepal bird\birds70.jpg</path>
	<source>
		<database>Unknown</database>
	</source>
	<size>
		<width>843</width>
		<height>578</height>
		<depth>3</depth>
	</size>
	<segmented>0</segmented>
	<object>
		<name>bird</name>
		<pose>Unspecified</pose>
		<truncated>1</truncated>
		<difficult>0</difficult>
		<bndbox>
			<xmin>70</xmin>
			<ymin>47</ymin>
			<xmax>511</xmax>
			<ymax>578</ymax>
		</bndbox>
	</object>
</annotation>
