<annotation>
	<folder>nepal bird</folder>
	<filename>birds33.jpeg</filename>
	<path>C:\Users\Zach\Desktop\Senior Design\Monkey Pictures\nepal bird\birds33.jpeg</path>
	<source>
		<database>Unknown</database>
	</source>
	<size>
		<width>4320</width>
		<height>2880</height>
		<depth>3</depth>
	</size>
	<segmented>0</segmented>
	<object>
		<name>bird</name>
		<pose>Unspecified</pose>
		<truncated>0</truncated>
		<difficult>0</difficult>
		<bndbox>
			<xmin>943</xmin>
			<ymin>580</ymin>
			<xmax>4193</xmax>
			<ymax>2098</ymax>
		</bndbox>
	</object>
</annotation>
