<annotation>
	<folder>nepal bird</folder>
	<filename>birds18.jpg</filename>
	<path>C:\Users\Zach\Desktop\Senior Design\Monkey Pictures\nepal bird\birds18.jpg</path>
	<source>
		<database>Unknown</database>
	</source>
	<size>
		<width>1353</width>
		<height>1600</height>
		<depth>3</depth>
	</size>
	<segmented>0</segmented>
	<object>
		<name>bird</name>
		<pose>Unspecified</pose>
		<truncated>1</truncated>
		<difficult>0</difficult>
		<bndbox>
			<xmin>421</xmin>
			<ymin>211</ymin>
			<xmax>1183</xmax>
			<ymax>1600</ymax>
		</bndbox>
	</object>
</annotation>
