<annotation>
	<folder>nepal bird</folder>
	<filename>birds3.jpg</filename>
	<path>C:\Users\Zach\Desktop\Senior Design\Monkey Pictures\nepal bird\birds3.jpg</path>
	<source>
		<database>Unknown</database>
	</source>
	<size>
		<width>890</width>
		<height>620</height>
		<depth>3</depth>
	</size>
	<segmented>0</segmented>
	<object>
		<name>bird</name>
		<pose>Unspecified</pose>
		<truncated>0</truncated>
		<difficult>0</difficult>
		<bndbox>
			<xmin>325</xmin>
			<ymin>52</ymin>
			<xmax>870</xmax>
			<ymax>541</ymax>
		</bndbox>
	</object>
</annotation>
