<annotation>
	<folder>nepal bird</folder>
	<filename>birds42.jpg</filename>
	<path>C:\Users\Zach\Desktop\Senior Design\Monkey Pictures\nepal bird\birds42.jpg</path>
	<source>
		<database>Unknown</database>
	</source>
	<size>
		<width>856</width>
		<height>1000</height>
		<depth>3</depth>
	</size>
	<segmented>0</segmented>
	<object>
		<name>bird</name>
		<pose>Unspecified</pose>
		<truncated>0</truncated>
		<difficult>0</difficult>
		<bndbox>
			<xmin>290</xmin>
			<ymin>182</ymin>
			<xmax>610</xmax>
			<ymax>795</ymax>
		</bndbox>
	</object>
</annotation>
