<annotation>
	<folder>nepal bird</folder>
	<filename>birds51.jpg</filename>
	<path>C:\Users\Zach\Desktop\Senior Design\Monkey Pictures\nepal bird\birds51.jpg</path>
	<source>
		<database>Unknown</database>
	</source>
	<size>
		<width>1427</width>
		<height>1021</height>
		<depth>3</depth>
	</size>
	<segmented>0</segmented>
	<object>
		<name>bird</name>
		<pose>Unspecified</pose>
		<truncated>0</truncated>
		<difficult>0</difficult>
		<bndbox>
			<xmin>271</xmin>
			<ymin>94</ymin>
			<xmax>903</xmax>
			<ymax>958</ymax>
		</bndbox>
	</object>
</annotation>
