<annotation>
	<folder>nepal bird</folder>
	<filename>birds62.jpg</filename>
	<path>C:\Users\Zach\Desktop\Senior Design\Monkey Pictures\nepal bird\birds62.jpg</path>
	<source>
		<database>Unknown</database>
	</source>
	<size>
		<width>991</width>
		<height>512</height>
		<depth>3</depth>
	</size>
	<segmented>0</segmented>
	<object>
		<name>bird</name>
		<pose>Unspecified</pose>
		<truncated>0</truncated>
		<difficult>0</difficult>
		<bndbox>
			<xmin>430</xmin>
			<ymin>56</ymin>
			<xmax>935</xmax>
			<ymax>362</ymax>
		</bndbox>
	</object>
</annotation>
