<annotation>
	<folder>nepal bird</folder>
	<filename>birds90.jpg</filename>
	<path>C:\Users\Zach\Desktop\Senior Design\Monkey Pictures\nepal bird\birds90.jpg</path>
	<source>
		<database>Unknown</database>
	</source>
	<size>
		<width>1800</width>
		<height>1350</height>
		<depth>3</depth>
	</size>
	<segmented>0</segmented>
	<object>
		<name>bird</name>
		<pose>Unspecified</pose>
		<truncated>0</truncated>
		<difficult>0</difficult>
		<bndbox>
			<xmin>51</xmin>
			<ymin>51</ymin>
			<xmax>1626</xmax>
			<ymax>1270</ymax>
		</bndbox>
	</object>
</annotation>
