<annotation>
	<folder>nepal bird</folder>
	<filename>birds28.jpg</filename>
	<path>C:\Users\Zach\Desktop\Senior Design\Monkey Pictures\nepal bird\birds28.jpg</path>
	<source>
		<database>Unknown</database>
	</source>
	<size>
		<width>1047</width>
		<height>764</height>
		<depth>3</depth>
	</size>
	<segmented>0</segmented>
	<object>
		<name>bird</name>
		<pose>Unspecified</pose>
		<truncated>0</truncated>
		<difficult>0</difficult>
		<bndbox>
			<xmin>229</xmin>
			<ymin>114</ymin>
			<xmax>756</xmax>
			<ymax>717</ymax>
		</bndbox>
	</object>
</annotation>
