<annotation>
	<folder>nepal bird</folder>
	<filename>birds16.jpg</filename>
	<path>C:\Users\Zach\Desktop\Senior Design\Monkey Pictures\nepal bird\birds16.jpg</path>
	<source>
		<database>Unknown</database>
	</source>
	<size>
		<width>2316</width>
		<height>1470</height>
		<depth>3</depth>
	</size>
	<segmented>0</segmented>
	<object>
		<name>bird</name>
		<pose>Unspecified</pose>
		<truncated>0</truncated>
		<difficult>0</difficult>
		<bndbox>
			<xmin>115</xmin>
			<ymin>226</ymin>
			<xmax>1856</xmax>
			<ymax>1186</ymax>
		</bndbox>
	</object>
</annotation>
