<annotation>
	<folder>nepal bird</folder>
	<filename>birds15.jpg</filename>
	<path>C:\Users\Zach\Desktop\Senior Design\Monkey Pictures\nepal bird\birds15.jpg</path>
	<source>
		<database>Unknown</database>
	</source>
	<size>
		<width>646</width>
		<height>717</height>
		<depth>3</depth>
	</size>
	<segmented>0</segmented>
	<object>
		<name>bird</name>
		<pose>Unspecified</pose>
		<truncated>0</truncated>
		<difficult>0</difficult>
		<bndbox>
			<xmin>82</xmin>
			<ymin>50</ymin>
			<xmax>602</xmax>
			<ymax>684</ymax>
		</bndbox>
	</object>
</annotation>
