<annotation>
	<folder>nepal bird</folder>
	<filename>birds69.jpg</filename>
	<path>C:\Users\Zach\Desktop\Senior Design\Monkey Pictures\nepal bird\birds69.jpg</path>
	<source>
		<database>Unknown</database>
	</source>
	<size>
		<width>784</width>
		<height>600</height>
		<depth>3</depth>
	</size>
	<segmented>0</segmented>
	<object>
		<name>bird</name>
		<pose>Unspecified</pose>
		<truncated>0</truncated>
		<difficult>0</difficult>
		<bndbox>
			<xmin>164</xmin>
			<ymin>66</ymin>
			<xmax>768</xmax>
			<ymax>430</ymax>
		</bndbox>
	</object>
</annotation>
